{"name":"d836b28b-c38f-4543-8d69-70d58f34309a","id":"/providers/Microsoft.Flow/flows/d836b28b-c38f-4543-8d69-70d58f34309a","type":"Microsoft.Flow/flows","properties":{"apiId":"/providers/Microsoft.PowerApps/apis/shared_logicflows","displayName":"DeployVM","definition":{"metadata":{"workflowEntityId":null,"processAdvisorMetadata":null,"flowChargedByPaygo":null,"flowclientsuspensionreason":"None","flowclientsuspensiontime":null,"flowclientsuspensionreasondetails":null,"creator":{"id":"da5464a4-7ebb-495e-935a-600610a03cac","type":"User","tenantId":"b378d9b9-b519-46da-9906-aa897f30527f"},"provisioningMethod":"FromDefinition","failureAlertSubscription":true,"clientLastModifiedTime":"2023-06-19T19:31:26.00713Z"},"$schema":"https://schema.management.azure.com/providers/Microsoft.Logic/schemas/2016-06-01/workflowdefinition.json#","contentVersion":"1.0.0.0","parameters":{"$connections":{"defaultValue":{},"type":"Object"},"$authentication":{"defaultValue":{},"type":"SecureObject"}},"triggers":{"Bei_Übermitteln_einer_neuen_Antwort":{"splitOn":"@triggerOutputs()?['body/value']","metadata":{"operationMetadataId":"b19e63d1-bce1-45f2-a7d4-3c4d88a807c9"},"type":"OpenApiConnectionWebhook","inputs":{"host":{"apiId":"/providers/Microsoft.PowerApps/apis/shared_microsoftforms","connectionName":"shared_microsoftforms","operationId":"CreateFormWebhook"},"parameters":{"form_id":"udl4sxm12kaZBqqJfzBSf6RkVNq7fl5Jk1pgBhCgPKxUMlpDRjVYVVQ1SUUxQ1Q5SUdWSkVVNkJINS4u"},"authentication":"@parameters('$authentication')"}}},"actions":{"Starten_und_auf_Genehmigung_warten":{"runAfter":{"Antwortdetails_abrufen":["Succeeded"]},"metadata":{"operationMetadataId":"a2a4ead6-034b-4895-9d42-17f8da44e0b5"},"type":"OpenApiConnectionWebhook","inputs":{"host":{"apiId":"/providers/Microsoft.PowerApps/apis/shared_approvals","connectionName":"shared_approvals","operationId":"StartAndWaitForAnApproval"},"parameters":{"approvalType":"Basic","WebhookApprovalCreationInput/title":"Anfrage: Axians special VM","WebhookApprovalCreationInput/assignedTo":"bernhard.fluer@axians.online;","WebhookApprovalCreationInput/details":"Hallo liebes Technik-Mitglied!\nDer Mitarbeiter @{outputs('Antwortdetails_abrufen')?['body/responder']} möchte eine neue VM mit folgenden Parametern erstellen:\n\nWorkloadName: @{outputs('Antwortdetails_abrufen')?['body/r940a7661769c490ba648520e5503f389']}\nRegion: @{outputs('Antwortdetails_abrufen')?['body/r3f6fc37b404e44cb9662a69c31414194']}\nVM-Size: @{outputs('Antwortdetails_abrufen')?['body/r355f0d00273e481890c941e8e6a79c95']}","WebhookApprovalCreationInput/requestor":"@{outputs('Antwortdetails_abrufen')?['body/responder']};","WebhookApprovalCreationInput/enableNotifications":true,"WebhookApprovalCreationInput/enableReassignment":true},"authentication":"@parameters('$authentication')"}},"Antwortdetails_abrufen":{"runAfter":{},"metadata":{"operationMetadataId":"bfb1e93c-bd4b-4998-8538-0300f02c0c86"},"type":"OpenApiConnection","inputs":{"host":{"apiId":"/providers/Microsoft.PowerApps/apis/shared_microsoftforms","connectionName":"shared_microsoftforms","operationId":"GetFormResponseById"},"parameters":{"form_id":"udl4sxm12kaZBqqJfzBSf6RkVNq7fl5Jk1pgBhCgPKxUMlpDRjVYVVQ1SUUxQ1Q5SUdWSkVVNkJINS4u","response_id":"@triggerOutputs()?['body/resourceData/responseId']"},"authentication":"@parameters('$authentication')"}},"Bedingung":{"actions":{"HTTP":{"runAfter":{},"metadata":{"operationMetadataId":"07591e84-2682-4b73-9374-27c61b0be029"},"type":"Http","inputs":{"method":"POST","uri":"https://dev.azure.com/ela2023/presentation_demo/_apis/pipelines/5/runs?api-version=7.0","headers":{"Authorization":"Basic ZGV2b3BzOmpyZGczcGwzM2I3eHZ5ZmV2ZWF4cW96Mzdldmd0b2M3N3pzZDNqcWEyNXh6Y3dta3NzYnE="},"body":{"variables":{"VMSize":{"value":"@outputs('Antwortdetails_abrufen')?['body/r355f0d00273e481890c941e8e6a79c95']"},"WorkloadName":{"value":"@outputs('Antwortdetails_abrufen')?['body/r940a7661769c490ba648520e5503f389']"},"Location":{"value":"@outputs('Antwortdetails_abrufen')?['body/r3f6fc37b404e44cb9662a69c31414194']"}}}}},"Bedingung_2":{"actions":{"Benutzerprofil_abrufen_(V2)":{"runAfter":{},"metadata":{"operationMetadataId":"d774715c-609f-4adf-abe1-1875832bd402"},"type":"OpenApiConnection","inputs":{"host":{"apiId":"/providers/Microsoft.PowerApps/apis/shared_office365users","connectionName":"shared_office365users","operationId":"UserProfile_V2"},"parameters":{"id":"@outputs('Antwortdetails_abrufen')?['body/responder']"},"authentication":"@parameters('$authentication')"}},"E-Mail_senden_(V2)":{"runAfter":{"Benutzerprofil_abrufen_(V2)":["Succeeded"]},"metadata":{"operationMetadataId":"d76da4ea-c0ea-4788-856a-126ef5dea728"},"type":"OpenApiConnection","inputs":{"host":{"apiId":"/providers/Microsoft.PowerApps/apis/shared_office365","connectionName":"shared_office365","operationId":"SendEmailV2"},"parameters":{"emailMessage/To":"@outputs('Antwortdetails_abrufen')?['body/responder']","emailMessage/Subject":"VM created","emailMessage/Body":"<p>Sehr geehrte/r&nbsp;@{outputs('Benutzerprofil_abrufen_(V2)')?['body/displayName']},<br>\n<br>\nIhre VM wurde wunschgemäß erstellt. Bitte warten Sie noch ein paar Minuten, bis das Deployment abgeschlossen wurde.<br>\n<br>\nMfG<br>\nIhr Technik-Team</p>","emailMessage/Importance":"Normal"},"authentication":"@parameters('$authentication')"}}},"runAfter":{"HTTP":["Succeeded"]},"expression":{"equals":["@outputs('HTTP')['statusCode']",200]},"metadata":{"operationMetadataId":"f5e6518e-8de7-49ae-93b4-707ff9aef4f1"},"type":"If"}},"runAfter":{"Starten_und_auf_Genehmigung_warten":["Succeeded"]},"expression":{"equals":["@outputs('Starten_und_auf_Genehmigung_warten')?['body/outcome']","Approve"]},"metadata":{"operationMetadataId":"82fa67fe-01b1-403f-8514-2cdbe309da0d"},"type":"If"}}},"connectionReferences":{"shared_approvals":{"connectionName":"shared-approvals-bf196306-75bc-4ffd-94d9-b3a15fcf741f","source":"Embedded","id":"/providers/Microsoft.PowerApps/apis/shared_approvals","tier":"NotSpecified"},"shared_microsoftforms":{"connectionName":"shared-microsoftform-78526dac-f4fd-4e18-bb2e-4eb0eb9721e8","source":"Embedded","id":"/providers/Microsoft.PowerApps/apis/shared_microsoftforms","tier":"NotSpecified"},"shared_office365users":{"connectionName":"shared-office365user-2267f323-a981-4dcb-b405-64283498f1a4","source":"Embedded","id":"/providers/Microsoft.PowerApps/apis/shared_office365users","tier":"NotSpecified"},"shared_office365":{"connectionName":"shared-office365-8a121955-1824-4afa-af67-d355882f652e","source":"Embedded","id":"/providers/Microsoft.PowerApps/apis/shared_office365","tier":"NotSpecified"}},"flowFailureAlertSubscribed":false,"isManaged":false}}